source,query_page,text,post_timestamp,scraped_timestamp,user,post_url
Facebook,civildefensedavao,"Heavy Rainfall Warning No. 2 Amendment #MINPRSD Weather System: Intertropical Convergence Zone (ITCZ)  Issued at 09:00 PM 09 October 2026 Yellow Warning: #NorthCotabato(Tulunan, Makilala, M'Lang, CityOfKidapawan, Magpet, Kabacan, Antipas, Matalam, PresidentRoxas, Carmen, Arakan), #AgusanDelSur(Loreto, LaPaz, Talacogon), #DavaoOriental(Lupon, Banaybanay), #DavaoCity, #Bukidnon(Damulog, Kibawe, Kadingilan, Dangcagan, Kitaotao, DonCarlos, Quezon, Maramag, Kalilangan, Pangantucan, SanFernando, CityOfValencia, Cabanglasan, CityOfMalaybalay), #DavaoDelNorte and #DavaoDeOro Associated Hazard: FLOODING is Possible in Low-Lying Areas and LANDSLIDE in mountainous areas Meanwhile, Light to Moderate to Occasionally Heavy rains are expected over #SurigaoDelSur(Lingig, Marihatag, Lianga, SanAgustin, Barobo, Tagbina, Hinatuan, CityOfBislig), #MisamisOccidental(Bonifacio, TangubCity, OzamisCity, DonVictorianoChiongbian, Clarin, Tudela, Sinacaban, Jimenez, Aloran, Panaon, OroquietaCity), #MaguindanaoDelNorte(Talitay, Upi, DatuBlahT.Sinsuat, Kabuntalan, DatuOdinSinsuat), #SultanKudarat(Sen.NinoyAquino, Kalamansig, Bagumbayan, Isulan, Lebak, Esperanza), #SouthCotabato, #DavaoOccidental(Sarangani, Malita), #ZamboangaDelSur(Lakewood, Bayog, Aurora, RamonMagsaysay, Sominot, Midsalip, Tambulig, Mahayag, Dumingag, Molave, Josefina), #Sarangani(Maitum, Kiamba, Maasim, Alabel), #ZamboangaDelNorte(Sirawai, Siocon, Baliguian, Tampilisan, Kalawit, Gutalac, Godod, Labason, Salug, Liloy, LeonB.Postigo, Siayan, SergioOsmeñaSr., Sindangan, JoseDalman, Manukan, Pres.ManuelA.Roxas, Katipunan, Sibuco), #ZamboangaSibugay(Imelda, Diplahan, Siay, Payao, Ipil, Titay, Kabasalan, Naga, RosellerLim, Tungawan), #AgusanDelSur(Sibagat), #AgusanDelNorte(ButuanCity, RemediosT.Romualdez, CityOfCabadbaran, Santiago, Tubay, Magallanes, Jabonga, Kitcharao), #ZamboangaCity, #DinagatIslands(Libjo, Basilisa, Tubajon, Loreto), #SurigaoDelNorte(Claver, Alegria, Gigaquit, Bacuag, Mainit, Placer, TaganaAn, Sison, Malimono, Tubod, SanFrancisco), #MisamisOriental(Manticao, Lugait, Naawan, Sugbongcogon, Kinoguitan, Binuangan, Salay, Laguindingan, Gitagum, Libertad, Initao, Alubijid, CagayanDeOroCity, Opol, CityOfElSalvador), #LanaoDelSur, #LanaoDelNorte(Nunungan, Sapad, Salvador, Lala, Baroy, Magsaysay, Tangcal, Tubod, PantaoRagat, Munai, Pantar, Kolambugan, PoonaPiagapo, Matungao, Maigo, Baloi, Linamon, Kauswagan, Bacolod, Tagoloan, IliganCity, Kapatagan) and #Camiguin. Moderate to heavy rains are being experienced in #NorthCotabato(Pikit, Midsayap, Aleosan, Libungan, Pigkawayan, Banisilan, Alamada), #MaguindanaoDelSur, #AgusanDelSur(SantaJosefa, Veruela, Trento, Bunawan, Rosario, SanLuis, Esperanza, SanFrancisco, CityOfBayugan, Prosperidad), #DavaoOriental(GovernorGeneroso, SanIsidro, Tarragona, CityOfMati, Manay, Caraga, Baganga, Cateel, Boston), #DavaoDelSur, #Bukidnon(Talakag, Sumilao, Baungon, ManoloFortich, Malitbog, ImpasugOng, Lantapan, Libona), #MaguindanaoDelNorte(NorthernKabuntalan, SultanMastura, SultanKudarat, Parang, Matanog, Barira, Buldon), #CotabatoCity, #SultanKudarat(Palimbang, Lutayan, CityOfTacurong, Columbio, PresidentQuirino, Lambayong), #MisamisOriental(Claveria, GingoogCity, Balingasag, Jasaan, Villanueva, Tagoloan, Lagonglong, Talisayan, Balingoan, Medina), #ZamboangaDelSur(Tabina, Pitogo, VincenzoA.Sagun, Dimataling, Margosatubig, Dinas, SanPablo, SanMiguel, Lapuyan, Guipos, Kumalarang, Dumalinao, Tigbao, Labangan, PagadianCity, Tukuran), #AgusanDelNorte(LasNieves), #DavaoOccidental(SantaMaria), #Sarangani(Malungon), #ZamboangaSibugay(Buug, Malangas, Alicia, Mabuhay, Talusan, Olutanga), #SurigaoDelSur(Cortes, SanMiguel, CityOfTandag, Bayabas, Cagwait, Tago, Madrid, Cantilan, Carrascal, Lanuza, Carmen), #SurigaoDelNorte(Socorro, SiargaoIsland, SurigaoCity), #DinagatIslands(Cagdianao, SanJose, Dinagat) and #LanaoDelNorte(SultanNagaDimaporo) and may affect nearby areas. The public and the Disaster Risk Reduction and Management Offices concerned are advised to MONITOR the weather condition and watch for the next warning to be issued at 11:00 PM Today. Source: Mindanao PRSD See less Heavy Rainfall Warning No. 2 Amendment #MINPRSD",Unknown,2026-10-09 21:12,Unknown,https://www.facebook.com/civildefensedavao/posts/pfbid035XBtQTWzZeHDCWkkC7KEcnzgxrWeUcpFjfaJQj7tZxU3V6oJLyGZ65tphqoY2j7hl
Facebook,DavaoDRRMO,"𝐃𝐎𝐒𝐓-𝐏𝐀𝐆𝐀𝐒𝐀: 𝐇𝐞𝐚𝐯𝐲 𝐑𝐚𝐢𝐧𝐟𝐚𝐥𝐥 𝐖𝐚𝐫𝐧𝐢𝐧𝐠 𝐍𝐨. 𝟐   Issued at 08:00 PM 09 October 2026 Yellow Warning:  • NorthCotabato(Tulunan, Makilala, M'Lang, CityOfKidapawan, Magpet, Kabacan, Antipas, Matalam, PresidentRoxas, Carmen, Arakan),  • Bukidnon(Damulog, Kibawe, Kadingilan, Dangcagan, Kitaotao, DonCarlos, Quezon, Maramag, Kalilangan, Pangantucan, SanFernando, CityOfValencia, Cabanglasan, CityOfMalaybalay), #DavaoDelNorte(Carmen, CityOfPanabo, BraulioE.Dujali, CityOfTagum, SantoTomas, NewCorella, Asuncion, SanIsidro, Talaingod and Kapalong) • 𝗗𝗮𝘃𝗮𝗼 𝗖𝗶𝘁𝘆, Associated Hazard: FLOODING is Possible in Low-Lying Areas and LANDSLIDE in mountainous areas The public and the Disaster Risk Reduction and Management Offices concerned are advised to MONITOR the weather condition and watch for the next warning to be issued at 11:00 PM Today. See less 𝐃𝐎𝐒𝐓-𝐏𝐀𝐆𝐀𝐒𝐀: 𝐇𝐞𝐚𝐯𝐲 𝐑𝐚𝐢𝐧𝐟𝐚𝐥𝐥 𝐖𝐚𝐫𝐧𝐢𝐧𝐠 𝐍𝐨. 𝟐",Unknown,2026-10-09 21:12,Unknown,https://www.facebook.com/DavaoDRRMO/posts/pfbid0Vkiz3EkmYMAXhAvVAVC9wPmkbrSgRjhNKZpNXP3bEeJHkfsn5io7EzmTt4QK7Bhol
Facebook,weather.davao,"24-HOUR LOCALIZED WEATHER FORECAST Issued at:      4:00 PM October 09, 2026  Valid Until:    4:00 PM Tomorrow SYNOPSIS:  At 3:00 PM today, a Low Pressure Area (LPA) was estimated based on all avilable data at 520 km East of Catarman, Northern Samar (12.6°N 129.4°E). It is embedded along the Intertropical Convergence Zone (ITCZ) affecting Visayas,  Palawan, DAVAO REGION and the rest of Mindanao. Northeasterly Windflow affecting the eastern sections of Northern and Central Luzon. FORECAST: DAVAO REGION will have cloudy skies with scattered rains and thunderstorms due to ITCZ. Possible flash floods or landslides due to moderate to at times heavy rains.  Light to Moderate winds coming from the Northwest to Southwest will prevail and the coastal water  will be Slight to Moderate (0.6 to 1.8 meters wave height). KAUGALINGONG PINULUNGAN: Ang Dakbayan sa Davao ug ubang dapit sa DAVAO REGION makasinati ug mapanganuron nga kalangitan nga adunay mga pagdag-um inubanan sa katag-katag nga pag-ulan, kilat ug pagpanalugdog tungod sa ITCZ. Posible ang pagbaha ug pagdahili sa yuta tungod sa kasarangan ngadto sa  kusog nga pagbundak sa ulan. Hinay ngadto sa Kasarangan nga huyop sa hangin nga magagikan sa Amihanang-Kasadpan ngadto sa Habagatang-Kasadpan nga direksyon ang mopasulabi ug ang kadagatan mahimong Hapsay ngadto sa Kasarangan ang pagbalud (0.6 to 1.8 meters wave height). OVER DAVAO CITY: Temperatura Ugma:       25˚C to 32˚C Sunset (Salop) Karon:     5:29 PM Sunrise (Sidlak) Ugma:   5:28 AM For more information and queries, please call telephone for local number (082)234-0890 and (088)555-0485 for regional or log on to  www.bagong.pagasa.dost.gov.ph or visit our Facebook at Mindanao PRSD or PAGASA  Pagasa Davao  See less 24-HOUR LOCALIZED WEATHER FORECAST",Unknown,2026-10-09 21:12,Unknown,https://www.facebook.com/weather.davao/posts/pfbid02GN8XSqwEUYHT618LuJ1geh5d7cMqrVP9aDBnhtwQKs9ycYEfVeqbeWpRisBFNsaVl
Facebook,#BahaPH,"MATAAS NA BAHA SA BANGKAL, DAVAO CITY  . Mataas na rin ang lebel ng tubig naha sa Taal, Bangkal sa Davao City ngayong gabi Biyernes July 24 dahil sa patuloy na buhos ng malakas na ulan dulot ng Habagat na pinalakas ng Bagyong #KiyapoPH, ang ilang residente ay humihingi na rin ng rescue. [via Raymond Gomez NIAS News Philippines Correspondent, Photos via MJ Bacalso] #NewsALERT #FloodPH #BahaPH Kanias I share ang post na ito para sa pinakasariwang balita at inpormasyon See less MATAAS NA BAHA SA BANGKAL, DAVAO CITY  . Mataas na rin ang lebel ng tubig naha sa Taal, Bangkal sa Davao City ngayong gabi Biyernes July 24 dahil sa patuloy na buhos ng malakas na ulan dulot ng Habagat na pinalakas ng Bagyong #KiyapoPH, ang ilang residente ay humihingi na rin ng rescue. [via Raymond Gomez NIAS News Philippines Correspondent, Photos via MJ Bacalso] #NewsALERT #FloodPH #BahaPH",Unknown,2026-10-09 21:12,Unknown,https://www.facebook.com/NIASNewsChannelPH/posts/pfbid022Aki9GHaxpuUQewGoZx9PmNVHUpFQ3RfRWnpaPTbLvRY1azwkaYmLEJFJWDBNoRl
Facebook,#BahaPH,#StreetCamCebu #WeatherAlertPH #LPAUpdate #BagyoPH #PhilippinesWeather  #VisayasWeather #MindanaoWeather #UlanPH #BahaPH #DisasterPreparedness #StaySafePH @followers @everyone. See less #StreetCamCebu #WeatherAlertPH #LPAUpdate #BagyoPH #PhilippinesWeather,Unknown,2026-10-09 21:12,Unknown,https://www.facebook.com/StreetCamCebu/posts/pfbid02W6AQi6CVMrEx5egaAGYvzoZwZDiBhi84LvTGACbA8MNTBbh9SKaetK8p9RxuCfpkl
Facebook,#BahaPH,"Human sa nahitabo nga kaylap nga pagbaha sa dakong bahin sa Luzon niining bag-ohay nga mga adlaw, gimando ni Pangulong Ferdinand R. Marcos Jr. ang hugot nga pagpatuman sa mga balaod nga may kalabotan sa urban planning, ilabi na sa mga kritikal nga lugar sa tibuok nasod nga kanunay gibahaan. Sa gipahigayon nga media conference niining Martes, Septyembre 1, miingon si Palace Press Officer Atty. Claire Castro nga kini nga paghugot sa pagpatuman sa balaod sa urban planning gihisgutan sa miting ni PBBM uban sa nagkalain-laing ahensya sa gobyerno nga nangita og solusyon sa dakong problema sa pagbaha sa Metro Manila ug ubang mga lugar. “Kung nasunod lamang daw ang mga ito ay maaaring ang mga lugar na dapat tayuan ng mga imprastraktura at mga lugar na bahain ang dapat manatiling libre at walang imprastrakctura para siya ang tumanggap ng tubig-ulan,” giit ni Castro. Matud niya, adunay mga master plan na sa urban development nga nahimo alang sa Metro Manila sukad pa niadtong 1941 ug 1956 alang sa Cebu apan wala kini mapatuman, hinungdan nga nakatukod og mga imprastraktura ug mga puy-anan sa mga lugar nga nakasamok sa hapsay nga pag-agos sa tubig gikan sa mga suba ug estero. “Huwag nang mamulitika. Ipatupad na ang batas. At dapat ipaliwanag sa lahat na maging istrikto sap ag-implementa ng batas para sa ating kaligtasan,” dugang niya. ============= Matapos naganap ang malawakang pagbaha sa malaking bahagi ng Luzon nitong mga nakaraang araw, ipinag-utos na Pangulong Ferdinand R. Marcos Jr. ang mahigpit na pagpapatupad sa mga batas na may kinalaman sa urban planning, lalo na sa mga kritikal na lugar sa buong bansa na madalas binabaha. Sa ginanap na media conference ngayong Martes, Setyembre 1, sinabi ni Palace Press Officer Atty. Claire Castro na ito ang paghihigpit sa pagpapatupad sa batas sa urban planning ay tinalakay sa pagpupulong ni PBBM kasama ang iba’t ibang ahensiya ng pamahalaan na naghahanap ng solusyon sa malaking problema sa pagbaha sa Metro Manila at iba pang lugar. “Kung nasunod lamang daw ang mga ito ay maaaring ang mga lugar na dapat tayuan ng mga imprastraktura at mga lugar na bahain ang dapat manatiling libre at walang imprastrakctura para siya ang tumanggap ng tubig-ulan,” giit ni Castro. Aniya, may mga master plan na sa urban development ang nabuo para sa Metro Manila simula pa noong 1941 at 1956 para sa Cebu subalit hindi ito naipatupad, dahilan kaya nakapagtayo ng mga imprastraktura at pabahay sa mga lugar na nakadiskaril sa maayos na daloy ng tubig mula sa mga ilog at estero. “Huwag nang mamulitika. Ipatupad na ang batas. At dapat ipaliwanag sa lahat na maging istrikto sap ag-implementa ng batas para sa ating kaligtasan,” dagdag niya. #clairecastro #pbbm #urbanplanning #bahaPH #PilipinasToday #PilipinasTodayDavao See less Human sa nahitabo nga kaylap nga pagbaha sa dakong bahin sa Luzon niining bag-ohay nga mga adlaw, gimando ni Pangulong Ferdinand R. Marcos Jr. ang hugot nga pagpatuman sa mga balaod nga may kalabotan sa urban planning, ilabi na sa mga kritikal nga lugar sa tibuok nasod nga kanunay gibahaan.",Unknown,2026-10-09 21:12,Unknown,https://www.facebook.com/pilipinastodaydavao/posts/pfbid036nuToFxsDADNDSpWXRDpAgAruLH6ozjmMzpPg52znig3VwVS6xB9bqyQr8uFjCNql
Facebook,#FloodAlert,"𝗪𝗔𝗧𝗘𝗥 𝗟𝗘𝗩𝗘𝗟 𝗠𝗢𝗡𝗜𝗧𝗢𝗥𝗜𝗡𝗚 As of 1:00 PM | October 09, 2026 Base sa aktuwal nga pagmonitor sa 𝗖𝗗𝗥𝗥𝗠𝗢 𝗧𝗮𝗴𝘂𝗺 𝗦𝗮𝘂𝗴 𝗥𝗶𝘃𝗲𝗿 (𝗣𝗮𝗴𝘀𝗮𝗯𝗮𝗻𝗴𝗮𝗻) - 𝟯𝗿𝗱 𝗔𝗹𝗲𝗿𝘁 𝗟𝗲𝘃𝗲𝗹 Naobserbahan ang pagsaka sa lebel sa tubig sa maong suba ug anaa na kini sa Ikatulong Alerto. Gipahimangnoan ang tanang BDRRMCs nga padayon nga mag-monitor ug mangandam sa pagpatuman sa evacuation kung gikinahanglan. Ang mga residente sa flood-prone areas, magpabiling alerto, ayaw pagduol o pagtabok sa suba, ug sundon dayon ang opisyal nga instruksyon sa mga awtoridad. Emergency Numbers: Providence Base – 0926 717 1566 CDRRMO Rescue – 0927 531 3119 #WeAreTagum #CityOfHarmony #CDRRMOTagum See less 𝗪𝗔𝗧𝗘𝗥 𝗟𝗘𝗩𝗘𝗟 𝗠𝗢𝗡𝗜𝗧𝗢𝗥𝗜𝗡𝗚",Unknown,2026-10-09 21:12,Unknown,https://www.facebook.com/cdrrmotagum/posts/pfbid02CGVLTqdeLurmaW8BDaoRxwTteQYRRgRK25KGpTtpxCdxET7Ybh8UGFWPUfuGjWspl
Facebook,#FloodAlert,"Sa Metro Manila karong Oktubre 9, 2026, ang pinakakritikal nga sitwasyon mao ang Ugong station nga nakaabot sa 20.6m water level (labaw kaayo sa alert threshold nga 14.9m), ug gi‑tag na kini nga Critical — immediate action required. Ang La Mesa Dam naa sa alarm level (79.4m), samtang ang Marikina River nagpabilin nga stable pero duol sa alert threshold.   Detalyadong Metro Manila Flood Updates Monitoring Station Current Level Alert Thresholds Trend Status Ugong 20.6m Alert: 14.9m / Alarm: 15.7m / Critical: 16.6m Rising Critical – Immediate action required La Mesa Dam 79.4m Alert: 79.3m / Alarm: 79.5m / Critical: 80.0m Stable Alarm level Marikina River – Tumana Bridge 17.3m Alert: 18.3m / Alarm: 19.3m / Critical: 20.3m Stable Near alert Marikina River – Sto. Niño 15.0m Alert: 17.0m / Alarm: 20.0m Stable Below alert San Juan School 12.0m Alert: 12.5m / Alarm: 13.0m Stable Near alert Quirino 39.0m Alert: 40.0m / Alarm: 41.0m Falling Normalizing  Mga Babala ug Paalala Critical area: Ugong station — kinahanglan og immediate evacuation ug pag‑monitor sa barangay DRRMO. La Mesa Dam: Alarm level, posibleng mag‑release og tubig kung mosaka pa. Marikina River: Stable pero bantayan tungod kay duol sa alert threshold. General advisory: PAGASA nag‑warning nga ang ITCZ ug LPA magdala pa og ulan nga makapadugang sa baha.  Emergency Hotlines MMDA Flood Control: 136 NDRRMC Operations Center: 02 8911‑1406 Philippine Red Cross: 143 Marikina DRRMO: 02 8646‑2436 Pasig City Rescue: 02 8643‑0000 #flashflood #MetroManila #ITCZ #LPA See less Sa Metro Manila karong Oktubre 9, 2026, ang pinakakritikal nga sitwasyon mao ang Ugong station nga nakaabot sa 20.6m water level (labaw kaayo sa alert threshold nga 14.9m), ug gi‑tag na kini nga Critical — immediate action required. Ang La Mesa Dam naa sa alarm level (79.4m), samtang ang Marikina River nagpabilin nga stable pero duol sa alert threshold.",Unknown,2026-10-09 21:12,Unknown,https://www.facebook.com/hashtag/FloodAlert
Facebook,#FloodAlert,"𝗚𝗘𝗡𝗘𝗥𝗔𝗟 𝗙𝗟𝗢𝗢𝗗 𝗔𝗗𝗩𝗜𝗦𝗢𝗥𝗬 𝗻𝗼. 𝟭𝟮𝟯𝟰𝟱𝟲𝟳𝟴𝟵 Region XI (Davao Region) 6:00 PM, 09 October2026  Hazard: Possible flooding due to continuous rains  Areas at Risk: Low-lying & flood-prone areas  Action: Stay alert • Avoid flooded roads • Be ready to evacuate  Validity: Effective immediately until further updates  Source:  DOST-PAGASA #WeAreTagum #CityOfHarmony #CDRRMOTagum See less 𝗚𝗘𝗡𝗘𝗥𝗔𝗟 𝗙𝗟𝗢𝗢𝗗 𝗔𝗗𝗩𝗜𝗦𝗢𝗥𝗬 𝗻𝗼. 𝟭𝟮𝟯𝟰𝟱𝟲𝟳𝟴𝟵",Unknown,2026-10-09 21:12,Unknown,https://www.facebook.com/cdrrmotagum/posts/pfbid0H9tcJz4xtf7Q5xeXEUmXAFx2fhV8pVWAf8aAC9jXjJUGXSoEszp1u5HWrb6n9smvl
Facebook,#FloodingPhilippines,"LOOK: Vehicles sustain damage in Central Park, Talomo Proper in Davao City, after they were swept by flash floods when Talomo River overflowed following non-stop rains in hinterland areas on Friday evening, July 24, 2026.  BING GONZALES See less LOOK: Vehicles sustain damage in Central Park, Talomo Proper in Davao City, after they were swept by flash floods when Talomo River overflowed following non-stop rains in hinterland areas on Friday evening, July 24, 2026.",Unknown,2026-10-09 21:12,Unknown,https://www.facebook.com/MindanaoTimes/posts/pfbid0Y1tLneC6WpaAHM96Zhjrjy49My45zzF8bhchw5HGHcaU4sbS7DXewU62QdpiosDml
Facebook,#FloodingPhilippines,"METRO MANILA FACES SEVERE INUNDATION DESPITE PREVIOUS DISASTER FOCUS ON MINDANAO Netizens Contrast NCR Flood Crisis with Normal Daily Life in Davao City Following Palace Statements MANILA, Philippines — Heavy downpours have left vast portions of Metro Manila submerged, sparking renewed public discussion over recent statements by Presidential Communications Office Undersecretary Castro regarding regional flood vulnerabilities. Earlier comments from Usec. Castro highlighted Davao as a primary center for flooding concerns in the country. However, current conditions show the National Capital Region bearing the brunt of severe waterlogging, causing major traffic disruptions and stranded commuters across key thoroughfares. Meanwhile, viral footage and social media posts show residents in Davao City enjoying routine outdoor activities, including community basketball games, under manageable weather conditions. Local authorities in Metro Manila are currently deploying emergency teams and pumps to clear inundated avenues, while disaster management officials reiterate that flood monitoring remains active nationwide regardless of shifting weather patterns. See less METRO MANILA FACES SEVERE INUNDATION DESPITE PREVIOUS DISASTER FOCUS ON MINDANAO",Unknown,2026-10-09 21:12,Unknown,https://www.facebook.com/hashtag/FloodingPhilippines
Facebook,#FloodingPhilippines,"BLTB Co. Flextar bus Screenshot from a footage of TV PATROL way back in 1998. The news clip covers the issue of flooding due to heavy rains, specifically in the location of Crossing Ilalim along Shaw Blvd. Also, at that time the MRT line is still under construction.  A BLTB bus bound for Cubao had to wade on floodwaters that are about a knee deep. BLTB Co. is one of the long-time but defunct bus companies in the Philippines. Founded in the year 1918 by Max Blouse as BTCo. or Batangas Tayabas Company and over the years renamed as LTBCo. and eventually BLTB Co. The company folded up around 2003- 2004 after a heavy fire in Pasay Terminal coupled with financial setbacks. By 2009, Del Monte Motor Works revived the old BLTB Co. being DLTB Co. and being a different bus entity to the former bus company. #perominganarchives #BLTBCo #angbusnapula #tvpatrol #PatrolNgPilipino See less BLTB Co. Flextar bus",Unknown,2026-10-09 21:12,Unknown,https://www.facebook.com/peromz.ticketarchives/posts/pfbid036U7xXAWXh7fCiBuy7VZbiyaNjRE3pNk2Tjz7cfR2ncfg9Ya7dgoYtFjRRaGGMK13l
Facebook,#FloodingPhilippines,"#1DNews | Davao, Philippines  FLOODWATERS RISE IN TAAL, BANGKAL AMID HEAVY RAINS LOOK: Flooding was reported in Taal, Barangay Bangkal, Davao City, on Friday evening, July 24, 2026, following intense rainfall in the area. Several residents reportedly sought rescue assistance as water levels continued to rise, prompting heightened concern in the affected community. Residents are advised to remain vigilant and prioritize their safety amid the ongoing weather conditions.  MJ Bacalso #1DavaoNews #OneDavao #1Davao  #Flooding #Bangkal #DavaoCity #DavaoDigitalMedia #DigitalMedia See less #1DNews | Davao, Philippines",Unknown,2026-10-09 21:12,Unknown,https://www.facebook.com/1Davao.PH/posts/pfbid02n4vHkhEsfXj5Qros1daafYxd85TzaQCrs1XPNrmpdA2FQLcLjX5cEzyjH73EQb3Wl
Facebook,#FloodingPhilippines,"Residents at Jerome Extension, Agdao, Davao City wade through floodwaters after a heavy downpour caused by Easterlies Monday evening, 18 May 2026. Classes and government work in the city have been suspended as of Tuesday due to flooding in many areas. As of Tuesday’s 5:00 a.m. forecast, the Philippine Atmospheric, Geophysical and Astronomical Services Administration (PAGASA) has announced that Davao City will continue to experience partly cloudy to cloudy skies with isolated rain showers or thunderstorms. Flashfloods or landslides may be experienced due to severe thunderstorms. MindaNews photos by RAZL EJ TEMAN #DavaoFlooding #DavaoWeather #PAGASA #MindaNews See less Residents at Jerome Extension, Agdao, Davao City wade through floodwaters after a heavy downpour caused by Easterlies Monday evening, 18 May 2026. Classes and government work in the city have been suspended as of Tuesday due to flooding in many areas. As of Tuesday’s 5:00 a.m. forecast, the Philippine Atmospheric, Geophysical and Astronomical Services Administration (PAGASA) has announced that Davao City will continue to experience partly cloudy to cloudy skies with isolated rain showers or thunderstorms. Flashfloods or landslides may be experienced due to severe thunderstorms.",Unknown,2026-10-09 21:12,Unknown,https://www.facebook.com/mindanews/posts/pfbid02zmKjSX4HVtefDmdsugsqBJtsxoUbuL3RNrk6ctWFb9XdM2vFk7KGeUMoC1CEj34ul
Facebook,#FlashFlood,"#1DWorldNews    DEADLY FLASH FLOOD DEVASTATES NEPAL, 95 BODIES RECOVERED  NUWAKOT, NEPAL — An aerial view shows mud-covered homes and properties in Trishuli following a devastating flash flood on August 26, 2026. Authorities said at least 95 bodies have been recovered, while around 65 people were reportedly receiving medical treatment in nearby hospitals and in Kathmandu. Officials are also examining reports that a possible earthquake-triggered avalanche may have contributed to the disaster.  Reuters / Fb  #1DavaoNews #OneDavao #1Davao  #Nepal #FlashFlood #Nuwakot #Trishuli #Flooding #DisasterUpdate #WorldNews  #DavaoDigitalMedia #DigitalMedia See less #1DWorldNews",Unknown,2026-10-09 21:12,Unknown,https://www.facebook.com/1Davao.PH/posts/pfbid032o3z6zfLHLWKgRKiMJ4TAbaPs2SG9DcKzBKNJ5hArLhuaNtJxaqfoXRbd7nEW8eml
Facebook,#FlashFlood,"LOOK:|BEHIND EVERY NUMBER: THE HUMAN HEARTBREAK OF NEPAL’S FLASH FLOOD. August 29, 2026 — One can scarcely imagine the terror: standing inside your own home, hearing the roar of water, mud, and rocks approaching — and having only seconds to wonder if your family will survive. That was the reality for communities along the Nepal–Tibet border on August 26, 2026, when a massive glacier and rock collapse triggered a catastrophic flash flood along the Trishuli and Bhote Koshi rivers. Homes, roads, bridges, power plants, and entire settlements were swept away — often with little or no warning.  IN THOSE FINAL MOMENTS Residents were forced to scramble to rooftops, balconies, or any higher ground available — clinging to hope as waters rose nearly 30 feet in half an hour. We may never fully know what went through their minds: Were they crying? Calling loved ones? Praying? Holding each other? What we do know is that behind every statistic is a human life, a family, and a story of heartbreak.  THE SCALE OF LOSS - 469 confirmed dead — and still rising - Hundreds more remain missing, including tourists and pilgrims from several nations - Entire communities buried under mud and debris - Rescue teams continue to reach isolated areas ""Behind every number is a family waiting. Behind every missing person is someone desperately hoping. And behind every survivor is a story of courage.""  May rescuers reach those still waiting. May the missing be found. And may every grieving family find strength in this time of unimaginable loss.  ,///Charlie. #PrayForNepal #NepalFlood #HimalayanDisaster #FlashFlood #DisasterAwareness #HopeAndPrayer #BosesNgPilipinas See less LOOK:|BEHIND EVERY NUMBER: THE HUMAN HEARTBREAK OF NEPAL’S FLASH FLOOD.",Unknown,2026-10-09 21:12,Unknown,https://www.facebook.com/jo.andales.75/posts/pfbid0URqh7KnL8XqWDmge9d1iaCiw2Sd56miSAPtGujLQc9mvV8nBe8pgde2WFGjVT4Yol
Facebook,#FlashFlood,"Sa Metro Manila karong Oktubre 9, 2026, ang pinakakritikal nga sitwasyon mao ang Ugong station nga nakaabot sa 20.6m water level (labaw kaayo sa alert threshold nga 14.9m), ug gi‑tag na kini nga Critical — immediate action required. Ang La Mesa Dam naa sa alarm level (79.4m), samtang ang Marikina River nagpabilin nga stable pero duol sa alert threshold.   Detalyadong Metro Manila Flood Updates Monitoring Station Current Level Alert Thresholds Trend Status Ugong 20.6m Alert: 14.9m / Alarm: 15.7m / Critical: 16.6m Rising Critical – Immediate action required La Mesa Dam 79.4m Alert: 79.3m / Alarm: 79.5m / Critical: 80.0m Stable Alarm level Marikina River – Tumana Bridge 17.3m Alert: 18.3m / Alarm: 19.3m / Critical: 20.3m Stable Near alert Marikina River – Sto. Niño 15.0m Alert: 17.0m / Alarm: 20.0m Stable Below alert San Juan School 12.0m Alert: 12.5m / Alarm: 13.0m Stable Near alert Quirino 39.0m Alert: 40.0m / Alarm: 41.0m Falling Normalizing  Mga Babala ug Paalala Critical area: Ugong station — kinahanglan og immediate evacuation ug pag‑monitor sa barangay DRRMO. La Mesa Dam: Alarm level, posibleng mag‑release og tubig kung mosaka pa. Marikina River: Stable pero bantayan tungod kay duol sa alert threshold. General advisory: PAGASA nag‑warning nga ang ITCZ ug LPA magdala pa og ulan nga makapadugang sa baha.  Emergency Hotlines MMDA Flood Control: 136 NDRRMC Operations Center: 02 8911‑1406 Philippine Red Cross: 143 Marikina DRRMO: 02 8646‑2436 Pasig City Rescue: 02 8643‑0000 #flashflood #MetroManila #ITCZ #LPA See less Sa Metro Manila karong Oktubre 9, 2026, ang pinakakritikal nga sitwasyon mao ang Ugong station nga nakaabot sa 20.6m water level (labaw kaayo sa alert threshold nga 14.9m), ug gi‑tag na kini nga Critical — immediate action required. Ang La Mesa Dam naa sa alarm level (79.4m), samtang ang Marikina River nagpabilin nga stable pero duol sa alert threshold.",Unknown,2026-10-09 21:12,Unknown,https://www.facebook.com/hashtag/FlashFlood
Facebook,#StreetFloodAlert,"#1DNews | Davao, Philippines  FLOOD ALERT | Street Flooding Hits Carmelite Area in Bajada Following Hours of Rain LOOK: Residents of the Carmelite area in Bajada, Davao City, experienced street flooding early Wednesday, July 1, after several hours of continuous rainfall overnight. According to residents, flooding in the area is a recurring problem whenever heavy rains persist for more than two hours. As of this morning, floodwaters had reportedly risen from knee to waist level in some sections, affecting road access and threatening nearby homes, vehicles, and other properties. While residents noted that floodwaters typically recede within two to three hours after the rain stops, many continue to express concern over the recurring flooding and the damage it brings to their belongings and daily activities. Authorities are advising motorists and the public to exercise caution when passing through flood-prone areas.  Photo Courtesy: DXDC 621 RMN Davao/Fb  #1DavaoNews #1Davao #OneDavao #DavaoCity #Bajada #FloodAlert #WeatherUpdate #Davao  #Baha  #BajadaDavaoCity #CarmeliteBajadaDC  #DavaoDigitalMedia #DigitalMedia See less #1DNews | Davao, Philippines",Unknown,2026-10-09 21:12,Unknown,https://www.facebook.com/1Davao.PH/posts/pfbid02A4pfxvM75b36WYfWTxpwMRTmzXnnb8dFSuaWBWZqp2Q8VV2p2iqve1jMCsRM2CH2l
Facebook,#StreetFloodAlert,"SHOUT OUT SA MUNICIPALITY OF STA. CRUZ, DAVAO DEL SUR Officials! Basin pwede ninyo matagaan og pagtagad ang among dike sa Bitaug Brgy.. Zone 4. Kada kusog ang ulan sa bukid, unya motiming pa gyud og high tide, ang tubig mosaka ug mosulod sa mga balay sa among lugar. Daghang pamilya ang maapektuhan ug mahadlok matag kusog nga ulan. Malooy sad tawon mo.   Dili unta kinahanglan pa nga naay mahitabo nga mas grabe bago maaksiyonan. Palihog namo og ocular inspection, assessment, ug hapsay nga aksyon sa among dike aron malikayan ang pagbaha ug maprotektahan ang mga residente sa Bitaug. Dagha’ng Salamat.  Video credit to  Susan Pantinople Servano #BarangayBitaug #StaCruzDavaoDelSur #Flooding #Dike #AksyonParaSaBitaug #highlightsシ゚  #stacruzdavaodelsurofficials #DPWH See less SHOUT OUT SA MUNICIPALITY OF STA. CRUZ, DAVAO DEL SUR Officials!",Unknown,2026-10-09 21:12,Unknown,https://www.facebook.com/hashtag/StreetFloodAlert
Facebook,#FloodWarning,𝗛𝗲𝗮𝘃𝘆 𝗥𝗮𝗶𝗻𝗳𝗮𝗹𝗹 𝗪𝗮𝗿𝗻𝗶𝗻𝗴 𝗡𝗼. 𝟭  #𝗠𝗜𝗡𝗣𝗥𝗦𝗗 Weather System: Intertropical Convergence Zone (ITCZ)  Issued at 06:30 PM 09 October 2026 Moderate to heavy rains are being experienced in #𝗗𝗮𝘃𝗮𝗼𝗗𝗲𝗹𝗡𝗼𝗿𝘁𝗲 and may affect nearby areas.  𝗛𝗮𝘇𝗮𝗿𝗱 & 𝗜𝗺𝗽𝗮𝗰𝘁𝘀   • Flooding in low-lying and flood-prone areas • Rising water levels in rivers and creeks • Possible landslides in mountainous or slope areas • Slippery roads and reduced visibility  𝗚𝘂𝗶𝗱𝗮𝗻𝗰𝗲 • Monitor rainfall and weather updates • Stay alert for possible flooding and landslides • Avoid crossing flooded roads and rivers • Prepare emergency kits and evacuation plans if necessary • Coordinate with barangay officials for updates The public and the Disaster Risk Reduction and Management Offices concerned are advised to MONITOR the weather condition and watch for the next warning to be issued at 08:00 PM Today. Source:  PAGASA-Mindanao PRSD  #WeAreTagum #CityOfHarmony #CDRRMOTagum See less 𝗛𝗲𝗮𝘃𝘆 𝗥𝗮𝗶𝗻𝗳𝗮𝗹𝗹 𝗪𝗮𝗿𝗻𝗶𝗻𝗴 𝗡𝗼. 𝟭  #𝗠𝗜𝗡𝗣𝗥𝗦𝗗,Unknown,2026-10-09 21:12,Unknown,https://www.facebook.com/hashtag/FloodWarning
Facebook,#BahaDavao,"BAHA SA SINGAPORE?!?? DAVAO PALA! As of 8 p.m. July 24, 2026, knee level flood are observed along San Agustin in Barangay Talomo Proper, Davao City. Many residents have already evacuated as the water level continues to rise. | via RGP, SunStar Davao See less BAHA SA SINGAPORE?!?? DAVAO PALA!",Unknown,2026-10-09 21:12,Unknown,https://www.facebook.com/KagawadJoeyCon/posts/pfbid026ggUSvqsj2dLzvTnj54SYjXapt6ExTb94qWfQbcKmWztV6Qih5fwd8VLHi1Q2pi2l
Facebook,#BahaDavao,"BAHA SA TUGBOK PROPER  LOOK: Pipila ka mga panimalay ang naapektuhan sa nasinating pagbaha sa Tugbok Proper, Davao City atol sa kusog nga pag-ulan gumikan sa weather system nga Southwest Monsoon karong gabii, Hulyo 24, 2026. Aduna na usay mga residente ang gipang-rescue. #Baha #Tugbok #DavaoCity   Davao City Public Information and Inquiry Page See less BAHA SA TUGBOK PROPER",Unknown,2026-10-09 21:12,Unknown,https://www.facebook.com/hashtag/BahaDavao
Facebook,#BahaDavao,"Sa mga taga NHA Bangkal, Davao City baka po may kakilala kayong nagmamay-ari ng husky. Inanod po sya ng malakas na baha. Pakitag po sa post o pakisend sa kanya itong post at icontact po ang original reporter:  https://www.facebook.com/share/1DgUPQj6wV/  See less Sa mga taga NHA Bangkal, Davao City baka po may kakilala kayong nagmamay-ari ng husky. Inanod po sya ng malakas na baha. Pakitag po sa post o pakisend sa kanya itong post at icontact po ang original reporter:  https://www.facebook.com/share/1DgUPQj6wV/  See less",Unknown,2026-10-09 21:12,Unknown,https://www.facebook.com/petavenuephilippines/posts/pfbid02WLuXPT64gvsucCuAaUtNw1HHSDmguhNA8EB4HTty3DnRqupDSSWbtmWBwJKNfWbkl
Facebook,#FloodDavao,"LOOK | As of 9:00 PM on July 24, 2026, multiple vehicles have reportedly been submerged due to heavy floodwaters in Central Park, Bangkal, Davao City. Several responders have already been deployed to the area to conduct rescue operations and assist affected individuals. via Daryl Cabailo See less LOOK | As of 9:00 PM on July 24, 2026, multiple vehicles have reportedly been submerged due to heavy floodwaters in Central Park, Bangkal, Davao City.",Unknown,2026-10-09 21:12,Unknown,https://www.facebook.com/ashsthebluebridge/posts/pfbid09EmgzyAS2YjQ9EpQ9qRZkL4oMLNEFw2uY7aSCgqoTXEL91yN8tqPM4wQb1eqi3YTl
Facebook,#FloodDavao,"DAVAO AGAIN? NO, THIS FLOOD CONTROL PROJECT IS LOCATED IN ILOCOS A newly built river control project in Nanguneg West, Narvacan, Ilocos Sur was damaged after heavy rains on August 9, 2026 caused floodwaters to surge through the river. According to YouScooper Bea Dominguez, the bridge connected to the river control structure was initially damaged following previous bouts of heavy rain. The adjoining river wall was reportedly completed only in July 2026. The local government continues to excavate the area to create a temporary waterway and reduce pressure on the river control structure. #DSI See less DAVAO AGAIN? NO, THIS FLOOD CONTROL PROJECT IS LOCATED IN ILOCOS",Unknown,2026-10-09 21:12,Unknown,https://www.facebook.com/DiscoverSamalIsland/posts/pfbid02M5NdngeFR89JG9VptPrhLSFjvN4Qif2Dw2yLXkmSKbS3bpWRUT24dbh1d6UyvWmXl
Facebook,#FloodDavao,"DAVAO: THE “FLOOD CAPITAL” — BUT PERHAPS NOT FOR THE REASON YOU THINK They say Davao is the “Flood Capital of the Philippines.” Well, if someone insists on giving us that crown, perhaps we should wear it proudly—but let’s first ask a simple question: What exactly is overflowing?  Yes, Davao experiences floods. We have rivers that swell after relentless rain, low-lying communities that sometimes bear the brunt of nature, sudden downpours that seem to arrive without an appointment, and roads that occasionally transform into temporary swimming pools. That is a real problem. It deserves real solutions—not political theater. But if we are going to compare cities, perhaps the scoreboard deserves more than a political slogan. During the severe southwest monsoon flooding in July 2025, for example, the Metropolitan Manila Development Authority reported hundreds of flooding incidents across Metro Manila within a single day. So before anyone points a finger at Davao, perhaps we should remember that flooding is not a problem exclusive to one city. Water does not check political affiliations before it rises. Rain does not ask who you voted for before it pours. And rivers certainly don't read campaign speeches.  But here's where I see Davao differently. Because there is another kind of flooding happening here—one that doesn't destroy homes, close roads, or leave mud behind. Davao floods with culture. Walk through this city and you encounter a living mosaic of Mindanao: Indigenous traditions, migrant communities, different languages, cuisines, beliefs, stories, and histories woven together into one constantly evolving urban tapestry. Ask someone where they came from, and you may discover an entire story behind the answer. Then, inevitably, there's food. Because in Davao, you can start a conversation about almost anything and somehow end up discussing durian.  “This variety is sweeter.” “No, that one has better texture.” “You haven't tried the best one yet.” Suddenly, what began as a casual conversation has transformed into an international conference on durian. No registration fee required.  But perhaps Davao's most remarkable flood is neither water nor culture. It is warmth. There is a quiet generosity in the character of many Dabawenyos that statistics cannot measure. You can arrive as a stranger and, before long, someone may already be telling you where to eat, what places to visit, which shortcut to take—and, most importantly, which road to avoid when traffic is terrible. That's not just hospitality. That's hospitality with a built-in traffic advisory.  And then there is Davao's natural beauty. The sea. Samal. Mount Apo. The forests. The farms. The rivers. The mountains. The wide spaces that remind you that progress and nature do not always have to be enemies. Davao is also changing. Businesses are arriving. Buildings are rising. Infrastructure is expanding. Communities are growing. People continue to come—not only because they are looking for jobs, but because they are looking for possibilities. Some arrive carrying résumés. Others arrive carrying business plans. Some arrive carrying nothing more than a dream. And somewhere along the way, many discover something unexpected: They don't merely live in Davao. They become part of it. That, perhaps, is the real story. A city should not be judged solely by the problems that rise within it. It should also be judged by what its people continue to build despite those problems. Davao is not perfect. We have traffic. We have growing pains. We have environmental concerns. We have infrastructure challenges. We have political disagreements. And, of course, we have social-media experts who can apparently repair the entire country using nothing but a smartphone and a Facebook account.  But beneath all the noise is something far more difficult to construct: Character. You can build a highway. You can build skyscrapers. You can build malls, bridges, offices, and massive developments. You can even build a spectacular roundabout that everyone will complain about for months.  But you cannot manufacture belonging. You cannot pour it into concrete. You cannot buy it from a catalog. It has to grow. And Davao has grown through people. People from different places came here. They planted roots. They built families. They opened businesses. They raised children. They created communities. And little by little, their individual stories became part of the larger story of the city. For the past 15 years, I have had the privilege of traveling around Davao for team-building activities, retreats, seminars, workshops, and speaking engagements. And in those years, I have seen something that no flood statistics can capture. I have seen people flood others with smiles, generosity, and warmth. So if someone wants to call Davao the “Flood Capital of the Philippines,” perhaps we shouldn't be offended. Maybe we should simply redefine the flood. Because yes, sometimes rainwater rises through our streets. But t",Unknown,2026-10-09 21:12,Unknown,https://www.facebook.com/ryanpaul.lamis.3/posts/pfbid02moQrq9hyg8DZBCe4c8FACSj6dxjaAmMd8wxLTZsx4stj9rfwDZCMvdG4872CbHjrl
Facebook,#Pagbaha,"“DAGAT NG BASURA!” BAHA AT MALAKAS NA ULAN, NAG-IWAN NG NAPAKARAMING BASURA SA PARAÑAQUE  ASEANA STATION, LRT-1 | PARAÑAQUE  Lunes, Agosto 10, 2026 Dahil sa malakas na ulan at pagbaha na naranasan sa ilang lugar ngayong Lunes, Agosto 10, 2026, kapansin-pansin ang napakaraming basurang naipon sa isang bahagi ng Parañaque City Mula sa LRT-1 Aseana Station, malinaw na tanaw ang lugar na nagmistulang isang “dagat ng basura” dahil sa dami ng mga basurang inanod at naiwan matapos ang pag-ulan at pagbaha. Ang ganitong sitwasyon ay muling nagbubukas ng usapin tungkol sa wastong pagtatapon ng basura, drainage system, pagbaha, at kalinisan ng kapaligiran.  Paalala: Iwasang magtapon ng basura sa kalsada, kanal at mga daluyan ng tubig. Ang maling pagtatapon ng basura ay maaaring magdulot ng pagbabara sa mga drainage at makapagpalala ng pagbaha.  Ano ang masasabi ninyo sa ganitong sitwasyon?  WAG KALIMUTANG MAG-FOLLOW, LIKE AT SHARE! #DagatNgBasura #Parañaque #Aseana #LRT1 #AseanaStation #Baha #MalakasNaUlan #Pagbaha #Basura #MetroManila #Flooding #BreakingNews #NewsUpdate #Balita #August102026— in  Manila . See less “DAGAT NG BASURA!”",Unknown,2026-10-09 21:12,Unknown,https://www.facebook.com/61577491269871/videos/pcb.4447098438939526/2672242039845408
Facebook,#Pagbaha,"𝐒𝐄𝐍𝐀𝐓𝐎𝐑 𝐁𝐎𝐍𝐆 𝐆𝐎, 𝐍𝐀𝐆𝐏𝐀𝐀𝐁𝐎𝐓 𝐍𝐆 𝐒𝐔𝐏𝐎𝐑𝐓𝐀 𝐒𝐀 𝐏𝐀𝐌𝐈𝐋𝐘𝐀 𝐍𝐆 𝐁𝐀𝐘𝐀𝐍𝐈𝐍𝐆 𝐒𝐈 𝐉𝐄𝐑𝐋𝐀𝐍𝐃 𝐄𝐍𝐑𝐈𝐐𝐔𝐄𝐙 Nagpaabot si Senator Bong Go ng pakikiramay at tulong sa pamilya ng 41-anyos na si Jerland Enriquez, na nagbuwis ng buhay sa kasagsagan ng malakas na pag-ulan at pagbaha sa San Francisco River sa Barangay Damayan, Quezon City. Sa gitna ng panganib, nagawa pang tumulong ni Jerland sa pagsagip sa tatlo niyang kapitbahay, kabilang ang isang ina at dalawang anak, na inanod ng rumaragasang tubig. Sa pamamagitan ng video call, nakausap ni Senator Bong Go ang pamilya upang ipaabot ang kanyang suporta. Nagpadala rin ang kanyang opisina ng financial assistance para makatulong sa kanilang pangangailangan. Saludo si Senator Bong Go sa tapang at malasakit na ipinakita ni Jerland para sa kanyang kapwa. Dalangin niya ang lakas at gabay para sa pamilya nito. Maraming salamat sa iyong kabayanihan, Jerland.  #SenatorBongGo #MrMalasakit #BisyoAngMagserbisyo   See less 𝐒𝐄𝐍𝐀𝐓𝐎𝐑 𝐁𝐎𝐍𝐆 𝐆𝐎, 𝐍𝐀𝐆𝐏𝐀𝐀𝐁𝐎𝐓 𝐍𝐆 𝐒𝐔𝐏𝐎𝐑𝐓𝐀 𝐒𝐀 𝐏𝐀𝐌𝐈𝐋𝐘𝐀 𝐍𝐆 𝐁𝐀𝐘𝐀𝐍𝐈𝐍𝐆 𝐒𝐈 𝐉𝐄𝐑𝐋𝐀𝐍𝐃 𝐄𝐍𝐑𝐈𝐐𝐔𝐄𝐙",Unknown,2026-10-09 21:12,Unknown,https://www.facebook.com/senatorbonggo/posts/pfbid02jPjSDwQEHth3DnhHP277SeBfXjSBuQjDGbE2kPC6Cz8qTvgMN1Dkg8SyPvSMQimyl
Facebook,#Pagbaha,"𝐓𝐈𝐍𝐆𝐍𝐀𝐍: Pinasisimulan na ni Pangulong Ferdinand Marcos Jr. ang malawakang dredging, desilting, at pagpapalalim ng Pampanga River pati ang karatig-ilog nito bilang isa sa mga agarang flood management interventions sa probinsya. Sa pag-inspeksyon nitong Martes ni Public Works Secretary Vince Dizon, kasama sina Masantol Municipal Mayor Danilo Guintu, Vice Mayor Lucia Liezle Guintu at Macabebe Vice Mayor Vince Flores, sinabi ng Kalihim na prayoridad na unahin ang mga highly-populated areas sa Pampanga upang maibsan ang matinding baha na nararanasan ng mga residenteng kahit hindi umuulan. Ayon kay Secretary Dizon, tutulong din ang DPWH sa mga lokal na pamahalaan sa pagpapatupad ng mga agarang flood management measures, habang nagpapatuloy ang konsultasyon sa mga foreign consultants para sa pangmatagalan at nature-based solutions sa pagbaha sa Pampanga. See less 𝐓𝐈𝐍𝐆𝐍𝐀𝐍: Pinasisimulan na ni Pangulong Ferdinand Marcos Jr. ang malawakang dredging, desilting, at pagpapalalim ng Pampanga River pati ang karatig-ilog nito bilang isa sa mga agarang flood management interventions sa probinsya.",Unknown,2026-10-09 21:12,Unknown,https://www.facebook.com/dpwhph/posts/pfbid0nk21hhyTHsKw7yVzAhdt3dEpW4byzSbQ4HgVekD9HZkgabvtXQRm9qofqUEEJa79l
Facebook,BahaPH,"BAHAY TINANGAY NG BAHA SA LUBAO, PAMPANGA Dahil sa patuloy na pagtaas ng lebel ng tubig sa mga ilog, isa isang tinangay ng rumaragasang tubig ang mga bahay sa Barangay Sta. Rita-Sto Cristo, Lubao, Pampanga na nakararanas ng matinding pag-ulan ngayong Biyernes, Agosto 28. Isinailalim sa Red Rainfall Alert ang Pampanga at mga karatig lalawigan nito alas-3:15 ng hapon. (Video courtesy of Rockwell De Leon) #bahaPH #lubaopampanga #pampanga #habagat #PilipinasToday See less BAHAY TINANGAY NG BAHA SA LUBAO, PAMPANGA",Unknown,2026-10-09 21:12,Unknown,https://www.facebook.com/search/posts/?q=BahaPH
Facebook,BahaPH,"BAHA SA DAVAO NGAYONG GABI  . Dahil sa walang patid na buhos ng ulan, rumagasa na rin ang National Highway ng Davao Bukidnon Road sa Barangay Riverside, Calinan Davao City ngayong gabi. [via Raymond Gomez NIAS News Philippines Correspondent, Photo via Vince Dayaganon] #NewsALERT #FloodPH #BahaPH  Kanias I share ang post na ito para sa pinakasariwang balita at inpormasyon See less BAHA SA DAVAO NGAYONG GABI  . Dahil sa walang patid na buhos ng ulan, rumagasa na rin ang National Highway ng Davao Bukidnon Road sa Barangay Riverside, Calinan Davao City ngayong gabi. [via Raymond Gomez NIAS News Philippines Correspondent, Photo via Vince Dayaganon] #NewsALERT #FloodPH #BahaPH",Unknown,2026-10-09 21:12,Unknown,https://www.facebook.com/NIASNewsChannelPH/posts/pfbid013NyekoUqTWA3mxi2UizVYrayEiyywQkHysYKsE6WEXWv5w1AKKgHv8tebx4pf5Gl
Facebook,BahaPH,"PAMPANGA / NLEX — Ipinaliwanag ni Pangulong Marcos kung bakit mahirap pa ring tuluyang alisin ang baha sa ilang bahagi ng North Luzon Expressway, lalo na sa southbound lane: “Kapag binobomba natin ang tubig, wala ring pupuntahan — mababa masyado ang lugar, habang mataas pa rin ang lebel ng tubig sa paligid. Bumabalik lang agad.”  Kasalukuyang kalagayan: unti-unti nang maayos ang daloy sa northbound; patuloy pa ring hinahanapan ng lunas ang southbound  Pangmatagalang hakbang: pinag-aaralan ang paghuhukay ng mga espesyal na imbakan o palanggana ng tubig — upang doon dumaloy ang sobrang tubig at hindi na bumalik sa kalsada #NLEX #BahaPH #Pampanga #FloodControl #BalitangPambansa #PilipinasNews See less PAMPANGA / NLEX — Ipinaliwanag ni Pangulong Marcos kung bakit mahirap pa ring tuluyang alisin ang baha sa ilang bahagi ng North Luzon Expressway, lalo na sa southbound lane:",Unknown,2026-10-09 21:12,Unknown,https://www.facebook.com/gaminglabor101/posts/pfbid032xLPeDpBCCy7FC3arSyHPSorRwQe4FNAKUYaFMXBuK1oLYiYU3qrY6tVf8ZHxiYql
Facebook,FloodingPhilippines,"FLOODING HITS MATI BRIDGE The City Engineering Office of Mati is conducting clearing operations at Mati Bridge near Rizal and Limatoc Streets after floodwaters from a nearby creek overflowed on Thursday evening, September 24, 2026. The flooding was triggered by heavy rains brought by the trough of Tropical Storm “Quennie” inside the Philippine Area of Responsibility (PAR), which is being monitored by the City Disaster Risk Reduction and Management Office (CDRRMO). Several other areas across the country were also affected. Mati CIO via  Superbalita Davao  #AllYouNeedToKnow See less FLOODING HITS MATI BRIDGE",Unknown,2026-10-09 21:12,Unknown,https://www.facebook.com/sunstardavaonews/posts/pfbid0Wjd53bLFPCM5ctRLjMvyRyC9GPVc1nFD2n2tnSG4ymPfRZfLiiyPNoweLnnGzYGLl
Facebook,FloodingPhilippines,"FLOODING HITS NHA BUHANGIN AMID HEAVY RAINS Vehicles struggle to pass through flooded roads in NHA Buhangin, Davao City, following heavy rainfall on Monday afternoon, 5:10PM, June 1, 2026. Motorists and residents were advised to exercise caution as continuous rains caused rising floodwaters in parts of the area. #SunStarNewsUpdate #AllYouNeedToKnow See less FLOODING HITS NHA BUHANGIN AMID HEAVY RAINS",Unknown,2026-10-09 21:12,Unknown,https://www.facebook.com/sunstardavaonews/posts/pfbid0Rx1bPeSFJoHXJnzYTwtn1y175hSEUc7moiaQJH3Wkvq3c8qHVrpR49VditBHwK2hl
Facebook,FlashFlood,"𝗛𝗲𝗮𝘃𝘆 𝗥𝗮𝗶𝗻𝗳𝗮𝗹𝗹 𝗪𝗮𝗿𝗻𝗶𝗻𝗴 𝗡𝗼. 𝟮  #MINPRSD Weather System: 𝗜𝗻𝘁𝗲𝗿𝘁𝗿𝗼𝗽𝗶𝗰𝗮𝗹 𝗖𝗼𝗻𝘃𝗲𝗿𝗴𝗲𝗻𝗰𝗲 𝗭𝗼𝗻𝗲 (𝗜𝗧𝗖𝗭)  Issued at 08:00 PM 09 October 2026 𝗬𝗲𝗹𝗹𝗼𝘄 𝗪𝗮𝗿𝗻𝗶𝗻𝗴: #DavaoDelNorte(Carmen, CityOfPanabo, BraulioE.Dujali, 𝗖𝗶𝘁𝘆𝗢𝗳𝗧𝗮𝗴𝘂𝗺, SantoTomas, NewCorella, Asuncion, SanIsidro, Talaingod and Kapalong) Associated Hazard: FLOODING is Possible in Low-Lying Areas and LANDSLIDE in mountainous areas  𝗛𝗮𝘇𝗮𝗿𝗱 & 𝗜𝗺𝗽𝗮𝗰𝘁𝘀   • Flash floods and rapid rise of water levels • Landslides in landslide-prone areas • Flooding in urban and low-lying communities • Possible disruption of transportation and utilities • Threat to life and property in high-risk areas  𝗚𝘂𝗶𝗱𝗮𝗻𝗰𝗲 • Move to higher ground if flooding occurs • Avoid riverbanks, landslide-prone areas, and flooded roads • Prepare for possible evacuation • Follow instructions from local authorities immediately • Continuously monitor official advisories and warnings The public and the Disaster Risk Reduction and Management Offices concerned are advised to MONITOR the weather condition and watch for the next warning to be issued at 11:00 PM Today. Source: PAGASA-Mindanao PRSD  #WeAreTagum #CityOfHarmony #CDRRMOTagum See less 𝗛𝗲𝗮𝘃𝘆 𝗥𝗮𝗶𝗻𝗳𝗮𝗹𝗹 𝗪𝗮𝗿𝗻𝗶𝗻𝗴 𝗡𝗼. 𝟮  #MINPRSD",Unknown,2026-10-09 21:12,City Disaster Risk Reduction and Management Office of Tagum,https://www.facebook.com/tagumcity/posts/pfbid0HewW8tq1qbR9akp8r5zsQg8LB2DTsi7JPHK8EJdHkGUTRexcsj2LTSoaaFWCZdRJl
Facebook,FlashFlood,"10/9 7AM Update: Hurricane Isaias has strengthened into a major Category 3 hurricane with max sustained winds of 120 mph. The storm will begin weakening prior to landfall along our coast this evening, but it will still be a SIGNIFICANT hurricane upon impact.  All last minute preparations should be rushed to completion this morning. Residents and tourists should follow the advice given by local officials and evacuate immediately if told to do so.  Here are the latest details:  Timing & Track: Deteriorating conditions through the day today with rain spreading north and tropical storm force winds starting as early as noon. The worst conditions are expected from late afternoon through late evening as the center makes landfall, likely between Mobile Bay and Choctawhatchee Bay.  Storm Surge: Potential for 6-9 feet for the western Florida Panhandle, 4-6 ft for the Alabama coastline, and 3-5 ft for Mobile Bay. Surge will be highest near and east of the track, while areas west of the track may experience low water levels around landfall.  Winds: Upon approach, widespread tropical storm force winds and wind damage will occur well away from the center, with damaging hurricane-force winds near the center close to the coast. Expect winds to cause structural damage and knock down trees/powerlines, leading numerous power outages.  Flooding: Heavy rain near the core of the storm and in bands well east of the center could cause significant flash flooding, especially on saturated ground and in urban areas. Storm total rainfall amounts, generally around 4-8 inches for areas east of the Alabama River; highest by the coast. Localized totals up to 12 inches are possible, particularly near/just west of the track.  Tornadoes: An increased threat of several tornadoes exists late afternoon into tonight for areas east of I-65 within the outer bands.   Beach Hazards: HIGH risk of strong life-threatening rip currents through the weekend with dangerous surf (20+ ft breakers east of the center) expected through Saturday. Major to extreme beach erosion is expected. *Be Prepared, Not Scared.*  Refer to our tropical webpage for the latest information on local impacts: https://www.weather.gov/srh/tropical?office=mob#hti  See our latest briefing slides: https://www.weather.gov/mob/dsspacket See less 10/9 7AM Update: Hurricane Isaias has strengthened into a major Category 3 hurricane with max sustained winds of 120 mph. The storm will begin weakening prior to landfall along our coast this evening, but it will still be a SIGNIFICANT hurricane upon impact.",Unknown,2026-10-09 21:12,Unknown,https://www.facebook.com/NWSMobile/posts/pfbid02BmskjWFbGYEY9vkAuaXL3HDcn7riqTmdtvmu96YN26xJVB7UmFFMKbE4aPythffZl
Facebook,FlashFlood,"𝐂𝐃𝐑𝐑𝐌𝐎-𝐎𝐏𝐂𝐄𝐍 𝐖𝐄𝐀𝐓𝐇𝐄𝐑 𝐅𝐎𝐑𝐄𝐂𝐀𝐒𝐓: 𝐈𝐒𝐒𝐔𝐄𝐃 𝐀𝐓: 𝟎𝟓:𝟎𝟎 P𝐌, 𝟎𝟖 𝐎𝐜𝐭𝐨𝐛𝐞𝐫 𝟐𝟎𝟐𝟔 𝐕𝐀𝐋𝐈𝐃 𝐔𝐍𝐓𝐈𝐋: 𝟎𝟓:𝟎𝟎 P𝐌 𝐓𝐨𝐦𝐨𝐫𝐫𝐨𝐰 𝐒𝐘𝐍𝐎𝐏𝐒𝐈𝐒: Intertropical Convergence Zone (ITCZ) affecting Mindanao. 𝐅𝐎𝐑𝐄𝐂𝐀𝐒𝐓: Davao City will have cloudy skies with scattered rains and thunderstorms due to ITCZ. Possible flash floods or landslides due to moderate to at times heavy rains. Light to moderate winds from Northwest to Southwest with slight to moderate seas (0.6 to 2.1 meters).  𝐒𝐨𝐮𝐫𝐜𝐞: 𝘿𝙊𝙎𝙏-𝙋𝘼𝙂𝘼𝙎𝘼 #𝐖𝐞𝐚𝐭𝐡𝐞𝐫𝐅𝐨𝐫𝐞𝐜𝐚𝐬𝐭 #𝐃𝐚𝐯𝐚𝐨𝐂𝐢𝐭𝐲𝐃𝐑𝐑𝐌𝐎 See less 𝐂𝐃𝐑𝐑𝐌𝐎-𝐎𝐏𝐂𝐄𝐍 𝐖𝐄𝐀𝐓𝐇𝐄𝐑 𝐅𝐎𝐑𝐄𝐂𝐀𝐒𝐓:",Unknown,2026-10-09 21:12,Unknown,https://www.facebook.com/DavaoDRRMO/posts/pfbid02kHwBCpAW44JuXPUwjXRd4BuwvJ3894PBaBseZf6h3FtQweUB5tmeibD5mUw5U5vLl
Facebook,StreetFloodAlert,"Out here when it matters most. Keeping the community safe, no matter the hour. Lord, thank You for the strength & protection. -------------------------------------------------- Dabawenyos: Please be reminded of City Ordinance Number 0246-23 (The Pre-emptive and Emergency Evacuation Ordinance). If you are told to evacuate, please evacuate! Evacuation is BETTER than Rescue.""  24-25 July 2026 | Davao City flooding incident #volunteerresponders See less Out here when it matters most. Keeping the community safe, no matter the hour.",Unknown,2026-10-09 21:12,Unknown,https://www.facebook.com/christinemikaela/posts/pfbid029V5PF4VeNcQZ4egqnnDFaMKn4C3rAVG8zGJbzTLVkRdcwpN2RLQdf8Tqw1g9ucGml
Facebook,FloodWarning,"𝐖𝐀𝐓𝐄𝐑 𝐋𝐄𝐕𝐄𝐋𝐒 𝐒𝐔𝐁𝐒𝐈𝐃𝐈𝐍𝐆, 𝐄𝐕𝐀𝐂𝐔𝐀𝐓𝐈𝐎𝐍 𝐎𝐏𝐄𝐑𝐀𝐓𝐈𝐎𝐍𝐒 𝐎𝐍𝐆𝐎𝐈𝐍𝐆 As of  12:40 AM, the CDRRMO continues to monitor the inclement weather conditions affecting some parts of the city due to the Southwest Monsoon. The city’s emergency and disaster response teams, led by the CDRRMO, continue to conduct evacuation operations in flood-affected areas due to the overflow of the Talomo River, including Los Amigos, Matina, Bangkal, and Talomo Proper, to assist affected residents and ensure their safety and welfare. Temporary evacuation sites have been established, with teams from the CSWDO, CHO, CDRRMO, CMO, and BDRRMCs deployed onsite to provide assistance. Hot meals are also being served to affected residents. Although water levels have begun to subside in some affected areas, the public is urged to remain vigilant, monitor official advisories, and immediately report emergencies to 911. —— 𝐂𝐃𝐑𝐑𝐌𝐎-𝐎𝐏𝐂𝐄𝐍 𝐑𝐈𝐕𝐄𝐑 𝐔𝐏𝐃𝐀𝐓𝐄: As of 12:40 AM | July 25, 2026 𝐖𝐞𝐚𝐭𝐡𝐞𝐫 𝐒𝐲𝐬𝐭𝐞𝐦: 𝙎𝙤𝙪𝙩𝙝𝙬𝙚𝙨𝙩 𝙈𝙤𝙣𝙨𝙤𝙤𝙣 Areas of Davao City are now experiencing cloudy conditions with scattered rain (mostly drizzles).  𝐑𝐈𝐕𝐄𝐑 𝐌𝐎𝐍𝐈𝐓𝐎𝐑𝐈𝐍𝐆: 𝐓𝐀𝐋𝐎𝐌𝐎 𝐑𝐈𝐕𝐄𝐑: • Along Brgy.Tugbok Proper (Upstream)- monitored at 𝐂𝐨𝐝𝐞 𝐎𝐫𝐚𝐧𝐠𝐞 (Warning Level), gradually subsiding. • Along Brgy. Talomo Proper (Downstream) - beyond 𝐂𝐨𝐝𝐞 𝐑𝐞𝐝 (Critical Level), gradually subsiding. 𝐌𝐀𝐓𝐈𝐍𝐀 𝐑𝐈𝐕𝐄𝐑: • Along Brgy. Matina Biao (Upstream)- monitored at 𝐂𝐨𝐝𝐞 𝐘𝐞𝐥𝐥𝐨𝐰 (Alert Level), gradually subsiding. • Along Brgy. Matina Pangi (Midstream)- monitored at 𝐂𝐨𝐝𝐞 𝐘𝐞𝐥𝐥𝐨𝐰 (Alert Level), gradually subsiding. • Along Brgy. Matina Crossing (Downstream)- monitored at 𝐂𝐨𝐝𝐞 𝐑𝐞𝐝 (Critical) gradually subsiding. The rest of river channels are monitored at 𝐂𝐎𝐃𝐄 𝐆𝐑𝐄𝐄𝐍 (𝘚𝘢𝘧𝘦 𝘓𝘦𝘷𝘦𝘭). #𝗪𝗲𝗮𝘁𝗵𝗲𝗿𝗨𝗽𝗱𝗮𝘁𝗲 #𝗗𝗮𝘃𝗮𝗼𝗖𝗶𝘁𝘆𝗗𝗥𝗥𝗠𝗢 See less 𝐖𝐀𝐓𝐄𝐑 𝐋𝐄𝐕𝐄𝐋𝐒 𝐒𝐔𝐁𝐒𝐈𝐃𝐈𝐍𝐆, 𝐄𝐕𝐀𝐂𝐔𝐀𝐓𝐈𝐎𝐍 𝐎𝐏𝐄𝐑𝐀𝐓𝐈𝐎𝐍𝐒 𝐎𝐍𝐆𝐎𝐈𝐍𝐆",Unknown,2026-10-09 21:12,Unknown,https://www.facebook.com/davaocitygov/posts/pfbid026f9o66H2jKea6QM9U8fjPFUeAgexgQEyymSm6BgpSQ2dhpxMd3baCkKKCteVH28il
Facebook,FloodWarning,"DAVAO FLOODING IS NOT A CORRUPTION ISSUE 1. IT IS a calamity issue - Singapore, the US, Dubai, and other cities also had their fair share of flooding - For Davao, it rained heavily for at least 5 nights, thunderstorms, almost all night. But flooding did not happen until the 4th or 5th night.  This means, of course, the ground is loose, basins are filled, and calamities can occur. - Flooding happened in areas close to the river and low-lying areas, which is a small portion of the whole city. Only 358 families were reported to be affected.  - But for Davao, we had minimal effects. If this had happened elsewhere, it could have been worse. Our LGU learned from the 2011 incident. Our 51-B flood control project protected MILLIONS of us.  2. IT IS NOT a Preparedness-Issue - Unlike other cities, our LGU has a world-class disaster and risk management plan.  - Our 911 is world-class. - Our disaster and rescue facilities and equipment are world-class - Talk about our taxes-well spent - Talk about the years of good governance of the  City Government of Davao - Living in Davao, we feel safe even in calamities, knowing that our LGU will have early warning protocols, search and rescue operations directives, and the PEOPLE OF DAVAO who are there to help each other. - Yes, even if our LGU is there, Davaoeños are also there for the government and for each other. This is why Davao has eagle-like resilience. 3. IT IS NOT a Governance-Issue -  Davao has a working City Social Services and Development Office (CCSDO). It is an exclusive arm of the city to take care of us in case of any fire, flood, or other calamities. - They are seen and felt. They are usually first on the ground to give warm food, clothing, mental health assistance, etc., during disasters. - Baranggay and city officials are mostly on the ground before, during, and after a calamity to facilitate and assist their residents in getting back to its feet. One family at a time, one day at a time. - Suppliers like water,  power, (internet - not so sure), will do their best to restore services asap. OUR CITY OFFICIALS, the Dutertes, are not corrupt and poor in their governance.  This city can withstand trials because we were built to withstand any, YESTERDAY, not when disasters strike. Will calamities hit the city? Big YES! Will we be affected by it?  Also YES! Is our LGU perfect? NO. Is our LGU dependable in times of crisis? Big YES! The effect is not as bad. Because of the last few decades of being raised by the Dutertes, this city is positioned to be forward-thinking. We were able to build this city surge into any economic and natural disaster challenges. So stop bashing the city with its small hit as if it has fallen big time, because even if we were hit, good governance has protected many. This is not like your city, and our experience is not like yours, which shaped your current judgment. And NO, this is not a ""zombie-type"" and blind following a persona, a name, or a party. Davaoeños are better than that. We will hold our leaders accountable if they mess up.  So stop using a calamity-based hit to shape a political narrative that doesn't exist just to forward an evil notion to destroy credibility and positioning. That's not gonna withstand, because OUR TRUTH is what we experience here daily, backed by YEARS OF GENERALLY A BETTER QUALITY OF LIFE. #davaocity  #raisedbyaduterte   SunStar Davao ,  Davao Today , Ry Llanes,  MindaNews , Kgwd Raymund Carin Gumanid,  GMA Regional TV News Personal Note: Davao is not ""better"" than other places. Each Philippine city has the potential of achieving better disaster and risk management; the only differentiator is LEADERSHIP. This is why we need to hate corruption and demand accountability from those silencing it; our children deserve a better Philippines. See less DAVAO FLOODING IS NOT A CORRUPTION ISSUE",Unknown,2026-10-09 21:12,Unknown,https://www.facebook.com/gracelocsinph/posts/pfbid0XXAT7LhNMVdCMuZbKbDjicfGnm51V77rJpn7nGvay8acqcddpBg6PHwqm3Ds6VBMl
Facebook,BahaDavao,"PUMP BOY NAKURYENTEHAN, NALUMOS SA BAHA SA BUHANGIN  A 21-year-old pump boy was found lifeless after reportedly being electrocuted and drowning in floodwaters in New San Isidro, Barangay Buhangin, Davao City at around 2:35 AM on May 19, 2026. The victim, a single man from Manay, Davao Oriental, was reportedly renting a place in the area when the incident occurred. Police from Station 5 – Buhangin, together with barangay responders and Central 911 rescue teams, were conducting flood monitoring and rescue operations when they discovered the victim floating in front of his boarding house around 2:00 AM. He was immediately brought to the Southern Philippines Medical Center (SPMC), but was later declared dead by attending physicians. His cause of death was listed as cardiopulmonary arrest secondary to fatal cardiac dysrhythmia due to electrocution, with acute respiratory failure secondary to drowning. The victim’s remains are currently at the hospital morgue and may undergo autopsy. via  Superbalita Davao  DCPO  #AllYouNeedToKnow See less PUMP BOY NAKURYENTEHAN, NALUMOS SA BAHA SA BUHANGIN",Unknown,2026-10-09 21:12,Unknown,https://www.facebook.com/sunstardavaonews/posts/pfbid021AoeDKDzXssJ9qN8dxCk4Q3JLw78ZNuW8RoqUXGx1uJXunvjyTmdzJUJdVZraoQHl
Facebook,BahaDavao,"Baha sa Tibungco Davao City Amping ta tanan  Time check 6:54 PM Tuesday, May 20, 2025 See less Baha sa Tibungco Davao City",Unknown,2026-10-09 21:12,Unknown,https://www.facebook.com/ddiegodiego16/posts/pfbid02MXNCL9uiCyp44G4rPAKHrVVMmrsrnj7KbH4oukSMsL8WSqRMAkum7kkb7CwW7NvUl
Facebook,BahaDavao,"BAHA SA COASTAL ROAD  LOOK: This was the situation of Davao City Coastal Road following the heavy downpour on Wednesday night, November 8, 2023 that caused flooding on several barangays in Davao City. Few motorists were stranded and others were forced to use alternative routes like Davao City Diversion Road  Mr. Right ng Davao #AllYouNeedToKnow See less BAHA SA COASTAL ROAD",Unknown,2026-10-09 21:12,Unknown,https://www.facebook.com/sunstardavaonews/posts/pfbid037n2Da23tuoMWt5EnYKYqnWBLA4H4zvcJGXDHMe11TZEtQEJe3Rx5KJ5t37qo7MeJl
Facebook,FloodDavao,"As of 8 p.m. July 24, 2026, knee level flood are observed along San Agustin in Barangay Talomo Proper, Davao City. Many residents have already evacuated as the water level continues to rise. | via RGP, SunStar Davao #AllYouNeedToKnow See less As of 8 p.m. July 24, 2026, knee level flood are observed along San Agustin in Barangay Talomo Proper, Davao City. Many residents have already evacuated as the water level continues to rise. | via RGP, SunStar Davao",Unknown,2026-10-09 21:12,Unknown,https://www.facebook.com/sunstardavaonews/posts/pfbid0vgZGzMh4EFBvgzzHyivPPpgp6xEMWS9JncdauVSKrstbnwGzUmgHK1y7x66oScNLl
Facebook,FloodDavao,"Residents of Purok 36, 37 and Taal, Talomo Proper, Davao City, start the painful clean-up of their houses and check for damaged appliances or belongings following the sudden flash floods caused by the overflowing Talomo River due to heavy rains in the hinterland areas on Friday evening, July 24, 2026.  BING GONZALES See less Residents of Purok 36, 37 and Taal, Talomo Proper, Davao City, start the painful clean-up of their houses and check for damaged appliances or belongings following the sudden flash floods caused by the overflowing Talomo River due to heavy rains in the hinterland areas on Friday evening, July 24, 2026.",Unknown,2026-10-09 21:12,Unknown,https://www.facebook.com/MindanaoTimes/posts/pfbid02ituDAS9jChGD45i2udww3XYHUNRTLANqrFMHGQv4EKuUgru8NTUfwvANzuJ19Z3el
Facebook,Pagbaha,"""OO, RESIDENTE AKO NG DAVAO CITY""  Kinuwestiyon ni dating Philippine National Police (PNP) Chief Nicolas Torre III ang patuloy na pagbaha sa Davao City matapos muling bahain ang kanyang bahay sa NHA Bangkal, Barangay Talomo kasunod ng malakas na ulan noong Hulyo 24. Sa kanyang social media post, sinabi ni Torre na nakapangalan sa kanya at sa kanyang asawa ang naturang bahay at bilang residente ng Davao City ay may karapatan siyang magtanong kung bakit paulit-ulit pa ring nangyayari ang pagbaha. Ayon kay Torre, matagal nang alam na ang mga sanhi ng pagbaha tulad ng mountain runoff at malalakas na pag-ulan, kaya dapat aniya ay may epektibong solusyon na, lalo na't bilyon-bilyong piso na ang nagastos para sa mga flood control projects. Binigyang-diin niya na ang tunay na sukatan ng flood control ay hindi ang dami ng proyektong naipatupad kundi ang dami ng pamilyang hindi na naaabot ng baha. ""Naghahanap ako ng resulta, hindi ng palusot,"" saad ni Torre. #LNB See less ""OO, RESIDENTE AKO NG DAVAO CITY""",Unknown,2026-10-09 21:12,Unknown,https://www.facebook.com/search/posts/?q=Pagbaha
Facebook,Pagbaha,"𝐓𝐈𝐍𝐆𝐍𝐀𝐍: Itutulad ng DPWH sa mga gagawing detention basins sa Pangasinan ang detention basin sa ilalim ng Metropolitan Cathedral of St. John the Evangelist sa Dagupan upang magkaroon ng imbakan ng tubig sa probinsya upang maibsan ang matinding baha tuwing malakas ang ulan. Kasunod ito ng utos ni Pangulong Ferdinand Marcos Jr. na magtayo ng mga water detention basins upang maibsan ang matinding pagbaha sa mga low-lying at flood-prone areas. Ininspeksyon ni Public Works Secretary Vince Dizon nitong Huwebes ang cathedral kasama sina Archbishop Socrates Villegas, Pangasinan 4th District Representative Gina De Venecia at Dagupan Vice Mayor Dean Bryan Kua, kung saan sinabi ng Kalihim na patuloy nakikipagtulungan ang ahensya sa mga Civil Society Organizations at local government units para sa dredging ng Sinocalan River, pagkukumpuni ng mga flood gates, at paglalagay ng sheetpiles sa Brgy. Caranglaan, at paglalagay ng mga mobile pumps, upang maprotektahan ang mga barangay ng Lasip Chico, Bacayo Sur, Lasip Grande, Pogo Grande, at mga karatig-lugar. See less 𝐓𝐈𝐍𝐆𝐍𝐀𝐍: Itutulad ng DPWH sa mga gagawing detention basins sa Pangasinan ang detention basin sa ilalim ng Metropolitan Cathedral of St. John the Evangelist sa Dagupan upang magkaroon ng imbakan ng tubig sa probinsya upang maibsan ang matinding baha tuwing malakas ang ulan.",Unknown,2026-10-09 21:12,Unknown,https://www.facebook.com/dpwhph/posts/pfbid0BTkN6KWGRuRGyxn8mDrpb3h3Gq3AtF4zF3N947Fp16UbzELRJS4f4dRFKvHJSFwml
Facebook,Pagbaha,"MALUBHANG PAGBAHA SA DAVAO CITY, BIBIGYANG SOLUSYON NI PANGULONG MARCOS - USEC. CASTRO Ibinahagi ni Palace Press Officer Atty. Claire Castro na hindi magdadalawang isip si Pangulong Ferdinand ""Bongbong"" Marcos Jr. na tulungan ang Davao City na maresolba ang umano'y malubhang pagbaha sa nasabing siyudad. Sa isang press briefing nitong Agosto 27, 2026, sinabi ni Castro na inatasan ng Pangulo si Department of Public Works and Highways (DPWH) Secretary Vince Dizon na tignan kung ano ang maaring gawing aksyon sa Davao City. ""So, lahat naman po ng lugar sa Pilipinas na binabaha ay tinutugunan ng ating pamahalaan at iyan po ang utos ng Pangulong Marcos Jr. Kaya nga po noong sumobra ang baha sa Davao City, hindi naman po nagpatumpik-tumpik ang Pangulo at si Secretary Vince Dizon, na tulungan na ang Davao City dahil malubha na rin po ang pagbaha sa Davao,"" ani Castro. Maliban dito ay sinabi rin ni Castro ang kahalagahan ng mga dokumento upang malaman kung ano ba talaga ang naging progreso ng mga flood control project sa Davao City. See less MALUBHANG PAGBAHA SA DAVAO CITY, BIBIGYANG SOLUSYON NI PANGULONG MARCOS - USEC. CASTRO",Unknown,2026-10-09 21:12,Unknown,https://www.facebook.com/PulsoPhilippines/posts/pfbid027hYbnAeQ7tNfFSzPvN7iiaRHdc8WEuj5q2vSPXRuKWhAYtQRE9GW6h31WCiCYJ1el
